{
    "eval_loss": 0.42910125851631165,
    "eval_f1": 0.6206216082881105,
    "eval_roc_auc": 0.7527857944524611,
    "eval_accuracy": 0.0,
    "eval_runtime": 0.7334,
    "eval_samples_per_second": 136.352,
    "eval_steps_per_second": 9.545,
    "epoch": 5.0
}