{
    "eval_loss": 0.4486929774284363,
    "eval_f1": 0.6405418480890179,
    "eval_roc_auc": 0.7497343624699279,
    "eval_accuracy": 0.0,
    "eval_runtime": 0.7626,
    "eval_samples_per_second": 131.133,
    "eval_steps_per_second": 9.179,
    "epoch": 10.0
}